Physics,35
Aerospace Engineering,33
Mechanical Engineering,30
Aeronautical Engineering,28
Electrical Engineering,23
Engineering Science,13
Engineering,12
Mathematics,11
Chemistry,10
Chemical Engineering,9
Naval Sciences,9
Astronautical Engineering,8
Aeronautical & Astronautical Engineering,6
Geology,5
Civil Engineering,5
Mathematics & Physics,5
Biology,5
Applied Science & Engineering,4
Physics & Astronomy,4
Aeronautics & Astronautics,3
Engineering Physics,3
Applied Mathematics,3
Computer Science,3
Zoology,2
Chemistry & Biology,2
Education,2
Ocean Engineering,2
Biological Science,2
Physics & Mathematics,2
Engineering Management,2
Engineering Mechanics,2
Computer & Systems Engineering,1
Military Engineering,1
Mathematical & Electrical Science,1
Marine Engineering & Nautical Science,1
Applied Biology; Mechanical Engineering,1
Mechanical & Aeronautical Engineering,1
Molecular Biology,1
Geosciences,1
Accounting,1
Psychology,1
Mathematics & Economics,1
Philosophy,1
Astronautics,1
Solid Earth Sciences,1
Electrical Engineering; Computer Science,1
Earth Sciences,1
Physics & Astronautical Engineering,1
Systems Engineering,1
Industrial Management,1
Business Management; Aeronautical Engineering,1
Aerospace Engineering & Mechanics,1
Electrical Science,1
Nuclear Engineering,1
Ecological Science,1
Mathematics & Statistics; Chemistry,1
Physical Science,1
Biochemistry,1
Music,1
Physics; English,1
Business Economics,1
Metallurgical Engineering,1
Astronomy,1
Animal Science,1
Industrial Engineering,1
Chemistry; Physiological Optics,1
Mathematics; Russian,1
Physics & Engineering,1
Space Physics,1
Bioscience,1
Electronics Engineering,1
Ceramic Engineering,1
"Aeronautics & Astronautics; Earth, Atmospheric & Planetary Sciences",1
Animal Nutrition,1
Physics & Mechanical Engineering,1
Economics,1
Human Biology,1
Engineering Sciences; Astronautics & Mathematics,1
Biology & Psychology,1
Physiology,1
Military Science,1
Earth & Planetary Science,1
Business Finance,1
